,Date,Adj Close,Close,High,Low,Open,Volume
0,2022-01-03,394.3006591796875,401.67999267578125,401.94000244140625,396.8800048828125,399.04998779296875,40575900
1,2022-01-04,389.1863708496094,396.4700012207031,402.2799987792969,393.2900085449219,402.239990234375,58027200
2,2022-01-05,377.2301940917969,384.2900085449219,395.8900146484375,384.0299987792969,394.739990234375,75739800
3,2022-01-06,376.9651184082031,384.0199890136719,387.3500061035156,380.1300048828125,382.4200134277344,70814300
4,2022-01-07,372.8815612792969,379.8599853515625,385.760009765625,378.0400085449219,384.0299987792969,72652300
5,2022-01-10,373.126953125,380.1099853515625,380.6400146484375,369.30999755859375,374.82000732421875,91770500
6,2022-01-11,378.7320556640625,385.82000732421875,385.989990234375,377.2200012207031,379.3599853515625,68295700
7,2022-01-12,380.23394775390625,387.3500061035156,390.20001220703125,385.010009765625,388.4599914550781,54576400
8,2022-01-13,370.7219543457031,377.6600036621094,389.4700012207031,376.70001220703125,388.7699890136719,77994000
9,2022-01-14,373.02880859375,380.010009765625,380.3500061035156,374.8599853515625,375.07000732421875,80121200
10,2022-01-18,363.7425842285156,370.54998779296875,376.2200012207031,369.7699890136719,374.0400085449219,75450900
11,2022-01-19,359.7473449707031,366.4800109863281,374.69000244140625,366.2099914550781,372.1499938964844,81791500
12,2022-01-20,355.07476806640625,361.7200012207031,373.8699951171875,361.1700134277344,369.7900085449219,88610700
13,2022-01-21,345.22906494140625,351.69000244140625,362.17999267578125,351.3999938964844,359.4700012207031,143388900
14,2022-01-24,346.8094482421875,353.29998779296875,353.9800109863281,334.1499938964844,345.9100036621094,198685800
15,2022-01-25,338.7699279785156,345.1099853515625,351.0299987792969,341.67999267578125,346.6700134277344,124398400
16,2022-01-26,338.23980712890625,344.57000732421875,356.8800048828125,340.7799987792969,352.9100036621094,146559500
17,2022-01-27,334.8336181640625,341.1000061035156,351.2699890136719,340.04998779296875,349.3999938964844,95255700
18,2022-01-28,345.3370056152344,351.79998779296875,352.0199890136719,337.95001220703125,343.0299987792969,108167900
19,2022-01-31,356.3803405761719,363.04998779296875,363.6499938964844,351.5199890136719,353.20001220703125,94326400
20,2022-02-01,358.8050231933594,365.5199890136719,366.19000244140625,359.1400146484375,364.42999267578125,74433000
21,2022-02-02,361.720458984375,368.489990234375,370.1000061035156,364.2900085449219,369.760009765625,78777100
22,2022-02-03,347.0549011230469,353.54998779296875,361.92999267578125,352.4599914550781,358.5299987792969,95384800
23,2022-02-04,351.4329528808594,358.010009765625,361.3999938964844,351.9700012207031,354.0799865722656,86318300
24,2022-02-07,348.6058654785156,355.1300048828125,361.04998779296875,353.8399963378906,358.6199951171875,58198100
25,2022-02-08,352.5226135253906,359.1199951171875,360.239990234375,352.79998779296875,353.9599914550781,64720900
26,2022-02-09,359.9928283691406,366.7300109863281,366.80999755859375,362.1199951171875,363.760009765625,55766400
27,2022-02-10,351.8452453613281,358.42999267578125,366.489990234375,356.5400085449219,359.5199890136719,112468500
28,2022-02-11,340.68414306640625,347.05999755859375,360.07000732421875,345.79998779296875,358.42999267578125,101569100
29,2022-02-14,341.106201171875,347.489990234375,350.9800109863281,343.8900146484375,346.489990234375,80254400
30,2022-02-15,349.5874938964844,356.1300048828125,356.3699951171875,351.82000732421875,352.9100036621094,55128800
31,2022-02-16,349.4991149902344,356.0400085449219,357.0899963378906,350.7099914550781,353.82000732421875,58947100
32,2022-02-17,339.1036682128906,345.45001220703125,353.4599914550781,345.0199890136719,352.739990234375,61801400
33,2022-02-18,335.236083984375,341.510009765625,346.80999755859375,339.1400146484375,346.4100036621094,80001500
34,2022-02-22,331.8691101074219,338.0799865722656,344.0400085449219,334.3500061035156,338.489990234375,85967100
35,2022-02-23,323.3681945800781,329.4200134277344,342.17999267578125,329.1000061035156,341.32000732421875,86215400
36,2022-02-24,334.23480224609375,340.489990234375,341.0400085449219,318.260009765625,318.8399963378906,130614100
37,2022-02-25,339.4178771972656,345.7699890136719,345.9800109863281,337.3900146484375,341.30999755859375,78842100
38,2022-02-28,340.4289245605469,346.79998779296875,348.5400085449219,341.32000732421875,342.510009765625,77515500
39,2022-03-01,335.2164306640625,341.489990234375,348.0799865722656,338.8999938964844,345.75,67407000
40,2022-03-02,340.8412170410156,347.2200012207031,348.5899963378906,340.239990234375,343.0799865722656,70609000
41,2022-03-03,335.9723205566406,342.260009765625,350.0400085449219,340.3500061035156,349.92999267578125,71089400
42,2022-03-04,331.1034240722656,337.29998779296875,341.30999755859375,334.9200134277344,339.8399963378906,76936300
43,2022-03-07,318.8919372558594,324.8599853515625,338.4800109863281,324.6499938964844,337.2900085449219,89933800
44,2022-03-08,317.40972900390625,323.3500061035156,333.2099914550781,319.94000244140625,324.04998779296875,116153900
45,2022-03-09,328.83587646484375,334.989990234375,336.3800048828125,329.0899963378906,331.75,64723400
46,2022-03-10,325.1842041015625,331.2699890136719,332.510009765625,326.7099914550781,330.82000732421875,69362700
47,2022-03-11,318.44036865234375,324.3999938964844,334.6400146484375,323.8999938964844,334.32000732421875,66228400
48,2022-03-14,312.3249206542969,318.1700134277344,326.5899963378906,317.45001220703125,323.1300048828125,79802600
49,2022-03-15,322.12158203125,328.1499938964844,328.95001220703125,319.2300109863281,320.8800048828125,76471000
50,2022-03-16,334.06793212890625,340.32000732421875,340.44000244140625,328.3999938964844,332.1700134277344,105243000
51,2022-03-17,338.1122741699219,344.44000244140625,344.5,337.0400085449219,338.3699951171875,67810000
52,2022-03-18,345.03271484375,351.489990234375,351.7900085449219,341.54998779296875,342.739990234375,85446300
53,2022-03-21,344.073486328125,350.0799865722656,352.4800109863281,345.5799865722656,350.20001220703125,73799100
54,2022-03-22,350.8354797363281,356.9599914550781,357.8500061035156,350.20001220703125,350.5899963378906,63345900
55,2022-03-23,345.7934875488281,351.8299865722656,357.6600036621094,351.7699890136719,354.010009765625,70615500
56,2022-03-24,353.47930908203125,359.6499938964844,359.70001220703125,351.5899963378906,353.79998779296875,53555300
57,2022-03-25,353.1844177246094,359.3500061035156,360.6700134277344,354.94000244140625,359.5899963378906,57584200
58,2022-03-28,358.6490478515625,364.9100036621094,365.010009765625,358.07000732421875,359.3399963378906,56833900
59,2022-03-29,364.8212890625,371.19000244140625,371.8299865722656,366.05999755859375,368.8999938964844,68073000
60,2022-03-30,360.79168701171875,367.0899963378906,370.9800109863281,365.57000732421875,369.2799987792969,68757700
61,2022-03-31,356.3197326660156,362.5400085449219,367.6000061035156,361.67999267578125,367.239990234375,67011400
62,2022-04-01,355.6416015625,361.8500061035156,363.6099853515625,358.5899963378906,362.80999755859375,54527800
63,2022-04-04,362.9637145996094,369.29998779296875,369.30999755859375,362.44000244140625,362.7099914550781,45950200
64,2022-04-05,354.9044189453125,361.1000061035156,368.5400085449219,359.92999267578125,367.80999755859375,62738700
65,2022-04-06,347.1989440917969,353.260009765625,356.7799987792969,350.55999755859375,355.6499938964844,90077100
66,2022-04-07,348.0245666503906,354.1000061035156,356.3500061035156,348.69000244140625,352.239990234375,63777400
67,2022-04-08,343.1594543457031,349.1499938964844,353.0899963378906,348.5,352.32000732421875,61956100
68,2022-04-11,335.041259765625,340.8900146484375,345.75,340.5400085449219,344.80999755859375,66107400
69,2022-04-12,333.6258544921875,339.45001220703125,347.69000244140625,338.0400085449219,345.760009765625,72790200
70,2022-04-13,340.407470703125,346.3500061035156,347.42999267578125,339.05999755859375,339.79998779296875,61367800
71,2022-04-14,332.6233825683594,338.42999267578125,346.9700012207031,338.2099914550781,346.44000244140625,73519400
72,2022-04-18,332.8789367675781,338.69000244140625,341.0400085449219,335.7900085449219,337.3500061035156,58560600
73,2022-04-19,340.3190612792969,346.260009765625,346.8500061035156,336.9800109863281,338.0299987792969,56515700
74,2022-04-20,335.35565185546875,341.2099914550781,347.55999755859375,339.9599914550781,347.0899963378906,65500000
75,2022-04-21,328.4168395996094,334.1499938964844,347.8699951171875,333.20001220703125,345.19000244140625,75801000
76,2022-04-22,319.8169250488281,325.3999938964844,335.55999755859375,324.9599914550781,334.30999755859375,82562100
77,2022-04-25,323.92523193359375,329.5799865722656,329.8999938964844,322.42999267578125,323.7300109863281,101755900
78,2022-04-26,311.69873046875,317.1400146484375,327.6600036621094,316.8599853515625,327.4700012207031,105819600
79,2022-04-27,311.3251953125,316.760009765625,322.8800048828125,315.0,317.239990234375,111204200
80,2022-04-28,322.3822021484375,328.010009765625,329.8900146484375,317.5199890136719,321.8500061035156,99450000
81,2022-04-29,307.8753967285156,313.25,327.2300109863281,312.6000061035156,323.70001220703125,91977900
82,2022-05-02,313.0157165527344,318.4800109863281,318.7200012207031,309.6499938964844,312.8299865722656,115511800
83,2022-05-03,313.349853515625,318.82000732421875,321.1700134277344,315.9800109863281,318.5,78185500
84,2022-05-04,323.94488525390625,329.6000061035156,330.2900085449219,313.8900146484375,319.30999755859375,116083400
85,2022-05-05,307.6296691894531,313.0,325.25,309.6199951171875,325.1700134277344,154607400
86,2022-05-06,303.9440612792969,309.25,315.0899963378906,305.1099853515625,310.95001220703125,139572800
87,2022-05-09,292.05169677734375,297.1499938964844,309.3500061035156,295.7200012207031,303.4800109863281,113387300
88,2022-05-10,295.5997314453125,300.760009765625,305.760009765625,296.57000732421875,304.510009765625,124124600
89,2022-05-11,286.8327941894531,291.8399963378906,304.0899963378906,290.95001220703125,298.44000244140625,140326100
90,2022-05-12,286.154541015625,291.1499938964844,295.75,284.94000244140625,287.45001220703125,120910900
91,2022-05-13,296.75946044921875,301.94000244140625,303.0,294.0799865722656,295.7200012207031,83684900
92,2022-05-16,293.319580078125,298.44000244140625,302.260009765625,297.1300048828125,300.1499938964844,59190400
93,2022-05-17,300.9169006347656,306.1700134277344,306.55999755859375,300.54998779296875,304.45001220703125,62715300
94,2022-05-18,286.14483642578125,291.1400146484375,302.25,289.8500061035156,301.5400085449219,79477100
95,2022-05-19,284.61151123046875,289.5799865722656,294.3900146484375,287.5799865722656,289.2900085449219,79920700
96,2022-05-20,283.7269592285156,288.67999267578125,293.79998779296875,280.2099914550781,293.1300048828125,91764200
97,2022-05-23,288.44464111328125,293.4800109863281,293.8699951171875,287.2900085449219,289.75,63648400
98,2022-05-24,282.3116149902344,287.239990234375,288.8599853515625,282.25,288.1300048828125,73491100
99,2022-05-25,286.2627258300781,291.260009765625,293.3900146484375,285.5,285.7099914550781,67144500
100,2022-05-26,294.19427490234375,299.3299865722656,300.9200134277344,290.1499938964844,290.44000244140625,59462200
101,2022-05-27,303.7966003417969,309.1000061035156,309.25,302.4200134277344,302.5400085449219,66985600
102,2022-05-31,302.9906311035156,308.2799987792969,311.3299865722656,304.3299865722656,309.07000732421875,60968300
103,2022-06-01,300.7498474121094,306.0,312.6499938964844,303.7300109863281,310.4700012207031,65341700
104,2022-06-02,308.986083984375,314.3800048828125,314.55999755859375,303.3999938964844,304.8500061035156,59291300
105,2022-06-03,300.9463806152344,306.20001220703125,310.4700012207031,304.9200134277344,309.0299987792969,60914700
106,2022-06-06,301.9488525390625,307.2200012207031,312.3500061035156,305.6199951171875,310.75,51785000
107,2022-06-07,304.55340576171875,309.8699951171875,310.6700134277344,302.69000244140625,303.80999755859375,44900300
108,2022-06-08,302.3616638183594,307.6400146484375,311.7200012207031,306.7699890136719,309.04998779296875,38342100
109,2022-06-09,294.26300048828125,299.3999938964844,309.04998779296875,299.2300109863281,305.9100036621094,55900500
110,2022-06-10,283.8841857910156,288.8399963378906,294.8699951171875,288.3800048828125,293.6499938964844,85963500
111,2022-06-13,270.6846008300781,275.4100036621094,282.3399963378906,274.5299987792969,279.75,94442000
112,2022-06-14,271.1760559082031,275.9100036621094,278.6600036621094,273.3399963378906,277.6600036621094,64697500
113,2022-06-15,277.9478454589844,282.79998779296875,286.8299865722656,276.6099853515625,279.4200134277344,86051400
114,2022-06-16,266.733642578125,271.3900146484375,276.05999755859375,269.2799987792969,275.5899963378906,81910300
115,2022-06-17,269.9770202636719,274.69000244140625,277.19000244140625,270.510009765625,272.17999267578125,82703400
116,2022-06-21,276.7883605957031,281.0799865722656,283.45001220703125,278.6400146484375,278.75,51633700
117,2022-06-22,276.3846740722656,280.6700134277344,285.17999267578125,277.9100036621094,278.5199890136719,67472900
118,2022-06-23,280.5008239746094,284.8500061035156,285.7200012207031,280.30999755859375,283.2099914550781,57457800
119,2022-06-24,290.11181640625,294.6099853515625,295.0400085449219,287.5,287.739990234375,58422300
120,2022-06-27,287.98480224609375,292.45001220703125,296.5799865722656,291.2900085449219,296.0,54151500
121,2022-06-28,279.2108154296875,283.5400085449219,295.6499938964844,283.3500061035156,293.0,61609800
122,2022-06-29,279.4669189453125,283.79998779296875,285.3399963378906,280.8399963378906,283.3999938964844,57302700
123,2022-06-30,276.0006408691406,280.2799987792969,283.94000244140625,275.7799987792969,280.75,79313600
124,2022-07-01,277.8223571777344,282.1300048828125,282.5299987792969,277.0299987792969,278.95001220703125,56675100
125,2022-07-05,282.5785827636719,286.9599914550781,287.0799865722656,276.75,278.30999755859375,61829300
126,2022-07-06,284.3904724121094,288.79998779296875,290.95001220703125,285.5899963378906,287.3500061035156,63194700
127,2022-07-07,290.4761657714844,294.9800109863281,295.70001220703125,289.6300048828125,289.6300048828125,56620100
128,2022-07-08,290.8405456542969,295.3500061035156,296.75,291.1199951171875,292.0799865722656,59895500
129,2022-07-11,284.62689208984375,289.0400085449219,293.1099853515625,288.1400146484375,292.8800048828125,55273900
130,2022-07-12,281.86962890625,286.239990234375,292.2799987792969,284.6099853515625,290.32000732421875,55797100
131,2022-07-13,281.2886047363281,285.6499938964844,288.04998779296875,280.0199890136719,280.6000061035156,73939400
132,2022-07-14,282.2930603027344,286.6700134277344,287.55999755859375,279.79998779296875,282.989990234375,63741800
133,2022-07-15,287.41363525390625,291.8699951171875,291.9800109863281,288.0799865722656,289.7300109863281,63818100
134,2022-07-18,284.9813537597656,289.3999938964844,296.1600036621094,288.20001220703125,294.7200012207031,59519600
135,2022-07-19,293.7454833984375,298.29998779296875,298.6000061035156,291.4700012207031,293.1099853515625,55172600
136,2022-07-20,298.4032897949219,303.0299987792969,304.239990234375,297.92999267578125,298.7300109863281,67769400
137,2022-07-21,302.6868591308594,307.3800048828125,307.44000244140625,300.7799987792969,303.5,55049400
138,2022-07-22,297.37908935546875,301.989990234375,308.54998779296875,300.1199951171875,306.42999267578125,57127700
139,2022-07-25,295.68536376953125,300.2699890136719,302.5,298.2200012207031,302.0199890136719,40582400
140,2022-07-26,289.8754577636719,294.3699951171875,298.7900085449219,293.5400085449219,298.5299987792969,50074100
141,2022-07-27,302.1255187988281,306.80999755859375,308.5400085449219,298.4599914550781,299.0400085449219,69304400
142,2022-07-28,305.0798034667969,309.80999755859375,310.3999938964844,302.75,306.5899963378906,55139900
143,2022-07-29,310.6434326171875,315.4599914550781,316.3900146484375,309.92999267578125,311.3900146484375,57501000
144,2022-08-01,310.4563903808594,315.2699890136719,318.80999755859375,312.5299987792969,313.6499938964844,46358800
145,2022-08-02,309.53076171875,314.3299865722656,318.54998779296875,311.8399963378906,312.9200134277344,48676500
146,2022-08-03,317.9600830078125,322.8900146484375,323.7300109863281,315.989990234375,316.04998779296875,53735700
147,2022-08-04,319.4469909667969,324.3999938964844,324.7200012207031,320.7699890136719,322.9700012207031,38973700
148,2022-08-05,316.83746337890625,321.75,323.8299865722656,318.3900146484375,319.19000244140625,53894000
149,2022-08-08,315.81329345703125,320.7099914550781,326.4700012207031,319.2099914550781,322.69000244140625,43878500
150,2022-08-09,312.2387390136719,317.0799865722656,319.0299987792969,315.4200134277344,318.7699890136719,39764200
151,2022-08-10,320.95361328125,325.92999267578125,326.2300109863281,322.05999755859375,324.5899963378906,51459600
152,2022-08-11,319.1318664550781,324.0799865722656,330.3599853515625,323.3599853515625,328.30999755859375,45897700
153,2022-08-12,325.3455810546875,330.3900146484375,330.5899963378906,325.1000061035156,326.17999267578125,40928400
154,2022-08-15,327.97479248046875,333.05999755859375,333.57000732421875,329.3999938964844,329.4200134277344,38266600
155,2022-08-16,327.2066650390625,332.2799987792969,334.4200134277344,329.1600036621094,332.05999755859375,41186900
156,2022-08-17,323.4744567871094,328.489990234375,331.42999267578125,326.3599853515625,329.07000732421875,47842200
157,2022-08-18,324.2524719238281,329.2799987792969,330.489990234375,326.7900085449219,328.44000244140625,41937200
158,2022-08-19,317.9304504394531,322.8599853515625,326.8399963378906,322.0799865722656,326.1700134277344,51770600
159,2022-08-22,309.56024169921875,314.3599853515625,318.739990234375,313.5299987792969,318.5,51098900
160,2022-08-23,309.30426025390625,314.1000061035156,317.0,313.3299865722656,314.1199951171875,39497100
161,2022-08-24,310.2004089355469,315.010009765625,316.8699951171875,312.989990234375,313.6099853515625,38057100
162,2022-08-25,315.6852722167969,320.5799865722656,320.6000061035156,315.760009765625,316.8299865722656,38098300
163,2022-08-26,302.74591064453125,307.44000244140625,321.510009765625,307.3500061035156,320.2799987792969,69047700
164,2022-08-29,299.7621765136719,304.4100036621094,307.2200012207031,303.2799987792969,304.6199951171875,48321900
165,2022-08-30,296.4239501953125,301.0199890136719,306.7300109863281,298.44000244140625,306.1000061035156,51184500
166,2022-08-31,294.7007141113281,299.2699890136719,304.9100036621094,299.1600036621094,303.989990234375,50044000
167,2022-09-01,294.8287048339844,299.3999938964844,299.7799987792969,292.95001220703125,296.7200012207031,57990700
168,2022-09-02,290.66326904296875,295.1700134277344,303.75,293.5199890136719,302.3399963378906,64666800
169,2022-09-06,288.57562255859375,293.04998779296875,296.6000061035156,290.8699951171875,295.6600036621094,57005400
170,2022-09-07,294.4052429199219,298.9700012207031,299.989990234375,293.2699890136719,293.5400085449219,49260400
171,2022-09-08,295.9316101074219,300.5199890136719,301.8699951171875,295.45001220703125,296.8500061035156,55649800
172,2022-09-09,302.40130615234375,307.0899963378906,307.6000061035156,300.5199890136719,302.8299865722656,56125200
173,2022-09-12,305.9955139160156,310.739990234375,311.0799865722656,308.17999267578125,308.5,45905700
174,2022-09-13,289.21575927734375,293.70001220703125,303.0199890136719,292.7900085449219,301.79998779296875,79562200
175,2022-09-14,291.51007080078125,296.0299987792969,296.92999267578125,293.05999755859375,294.8699951171875,54907200
176,2022-09-15,286.6553955078125,291.1000061035156,296.5299987792969,289.4599914550781,294.07000732421875,65299400
177,2022-09-16,284.902587890625,289.32000732421875,289.7200012207031,285.6199951171875,287.7200012207031,79920400
178,2022-09-19,287.1212158203125,291.04998779296875,291.2099914550781,286.0400085449219,286.1000061035156,52613800
179,2022-09-20,284.83258056640625,288.7300109863281,291.07000732421875,286.3800048828125,288.489990234375,51271100
180,2022-09-21,279.7323303222656,283.55999755859375,293.95001220703125,283.4200134277344,289.5899963378906,82931000
181,2022-09-22,276.28948974609375,280.07000732421875,283.0299987792969,278.82000732421875,282.0,62757100
182,2022-09-23,271.7909851074219,275.510009765625,277.8500061035156,272.0199890136719,277.54998779296875,74815200
183,2022-09-26,270.6663818359375,274.3699951171875,279.489990234375,273.55999755859375,275.0299987792969,71176700
184,2022-09-27,270.7749328613281,274.4800109863281,280.2099914550781,272.1099853515625,277.80999755859375,69780100
185,2022-09-28,276.1611633300781,279.94000244140625,281.25,272.95001220703125,274.4599914550781,79652100
186,2022-09-29,268.2001953125,271.8699951171875,276.25,268.8399963378906,275.8599853515625,81216000
187,2022-09-30,263.6523742675781,267.260009765625,275.19000244140625,267.1000061035156,271.0299987792969,78482400
188,2022-10-03,269.8377380371094,273.5299987792969,275.1600036621094,267.5299987792969,269.07000732421875,61267400
189,2022-10-04,278.3216857910156,282.1300048828125,282.8500061035156,278.989990234375,278.989990234375,66696900
190,2022-10-05,278.1736755371094,281.9800109863281,283.80999755859375,275.4200134277344,278.2799987792969,55766300
191,2022-10-06,275.98358154296875,279.760009765625,284.17999267578125,279.42999267578125,280.9599914550781,53489400
192,2022-10-07,265.4675598144531,269.1000061035156,275.1499938964844,267.739990234375,275.0199890136719,71354700
193,2022-10-10,262.8138427734375,266.4100036621094,269.70001220703125,263.6400146484375,269.29998779296875,60393000
194,2022-10-11,259.2032470703125,262.75,267.6300048828125,261.0299987792969,264.70001220703125,66522500
195,2022-10-12,259.11444091796875,262.6600036621094,265.3599853515625,261.95001220703125,263.3999938964844,50580200
196,2022-10-13,265.1913146972656,268.82000732421875,270.1700134277344,254.25999450683594,255.16000366210938,112894100
197,2022-10-14,257.22039794921875,260.739990234375,271.80999755859375,260.1400146484375,271.20001220703125,77244300
198,2022-10-17,265.71417236328125,269.3500061035156,270.239990234375,266.739990234375,266.8399963378906,64576500
199,2022-10-18,267.81536865234375,271.4800109863281,277.2099914550781,268.739990234375,276.5299987792969,69781000
200,2022-10-19,266.8387145996094,270.489990234375,273.67999267578125,268.07000732421875,269.92999267578125,53115400
201,2022-10-20,265.4773864746094,269.1099853515625,274.8399963378906,267.9200134277344,269.5799865722656,60605500
202,2022-10-21,271.7022399902344,275.4200134277344,275.9700012207031,266.82000732421875,267.9800109863281,77897700
203,2022-10-24,274.69134521484375,278.45001220703125,279.3999938964844,271.9700012207031,275.69000244140625,63963600
204,2022-10-25,280.3735656738281,284.2099914550781,284.6000061035156,277.8999938964844,279.4100036621094,59014500
205,2022-10-26,274.1783447265625,277.92999267578125,283.9800109863281,277.42999267578125,278.4599914550781,63492400
206,2022-10-27,269.1866760253906,272.8699951171875,278.2799987792969,272.3399963378906,276.7900085449219,57760300
207,2022-10-28,277.4239196777344,281.2200012207031,281.70001220703125,272.05999755859375,272.2300109863281,62651300
208,2022-10-31,274.1980895996094,277.95001220703125,279.760009765625,275.989990234375,278.9200134277344,47742000
209,2022-11-01,271.3963928222656,275.1099853515625,282.07000732421875,274.739990234375,281.5,45895900
210,2022-11-02,262.09368896484375,265.67999267578125,278.2099914550781,265.6099853515625,275.0799865722656,79803100
211,2022-11-03,256.9737243652344,260.489990234375,264.5,260.1000061035156,263.010009765625,70038900
212,2022-11-04,261.107177734375,264.67999267578125,266.6099853515625,259.0799865722656,265.5299987792969,78313200
213,2022-11-07,263.9779052734375,267.5899963378906,268.1400146484375,263.57000732421875,265.75,47333800
214,2022-11-08,265.901611328125,269.5400085449219,272.8500061035156,265.5199890136719,269.1400146484375,63213800
215,2022-11-09,259.7655334472656,263.32000732421875,268.55999755859375,263.0299987792969,267.760009765625,64862100
216,2022-11-10,278.9332580566406,282.75,283.04998779296875,273.8500061035156,276.010009765625,99256700
217,2022-11-11,284.0729064941406,287.9599914550781,288.6400146484375,281.19000244140625,282.55999755859375,66961800
218,2022-11-14,281.58697509765625,285.44000244140625,289.2099914550781,284.44000244140625,285.8599853515625,55290700
219,2022-11-15,285.483642578125,289.3900146484375,293.260009765625,285.9700012207031,292.2099914550781,73985400
220,2022-11-16,281.58697509765625,285.44000244140625,289.4800109863281,284.6000061035156,287.3900146484375,48859800
221,2022-11-17,280.9654846191406,284.80999755859375,286.32000732421875,280.7200012207031,280.8800048828125,55462100
222,2022-11-18,280.9753723144531,284.82000732421875,287.989990234375,282.32000732421875,287.8900146484375,53588600
223,2022-11-21,278.0848693847656,281.8900146484375,284.5799865722656,281.0400085449219,283.3999938964844,40083500
224,2022-11-22,282.0901184082031,285.95001220703125,286.1099853515625,280.4599914550781,282.6400146484375,41873400
225,2022-11-23,284.9213562011719,288.82000732421875,289.4599914550781,285.7900085449219,285.9700012207031,46390000
226,2022-11-25,283.0469665527344,286.9200134277344,287.9100036621094,286.4200134277344,287.19000244140625,15498800
227,2022-11-28,278.893798828125,282.7099914550781,286.9599914550781,281.760009765625,284.8999938964844,38714200
228,2022-11-29,276.78265380859375,280.57000732421875,283.3500061035156,279.1700134277344,282.94000244140625,35618900
229,2022-11-30,289.40008544921875,293.3599853515625,293.4700012207031,279.9700012207031,280.8399963378906,74718100
230,2022-12-01,289.75518798828125,293.7200012207031,295.75,290.8800048828125,293.69000244140625,51547300
231,2022-12-02,288.6009826660156,292.54998779296875,293.45001220703125,288.3599853515625,288.5400085449219,53583200
232,2022-12-05,283.75726318359375,287.6400146484375,291.67999267578125,286.1499938964844,290.3800048828125,41482100
233,2022-12-06,277.8776550292969,281.67999267578125,287.6199951171875,280.260009765625,287.4800109863281,53937600
234,2022-12-07,276.74322509765625,280.5299987792969,282.57000732421875,278.7799987792969,280.4700012207031,45614300
235,2022-12-08,280.0184326171875,283.8500061035156,284.8399963378906,279.7900085449219,281.9100036621094,42594900
236,2022-12-09,278.23284912109375,282.0400085449219,285.6400146484375,281.5899963378906,282.80999755859375,47860500
237,2022-12-12,281.7250671386719,285.5799865722656,285.6400146484375,281.1600036621094,282.2200012207031,35732500
238,2022-12-13,284.7536315917969,288.6499938964844,296.8800048828125,285.9100036621094,296.6499938964844,80667700
239,2022-12-14,282.642578125,286.510009765625,291.4100036621094,283.19000244140625,288.04998779296875,64984400
240,2022-12-15,273.15240478515625,276.8900146484375,283.010009765625,275.6700134277344,282.3299865722656,60554100
241,2022-12-16,270.5480041503906,274.25,277.7699890136719,272.6099853515625,276.20001220703125,68300400
242,2022-12-19,266.745849609375,269.75,273.9599914550781,268.489990234375,273.8699951171875,44167900
243,2022-12-20,266.5381774902344,269.5400085449219,271.32000732421875,266.95001220703125,268.55999755859375,51064200
244,2022-12-21,270.4046936035156,273.45001220703125,274.7799987792969,269.739990234375,270.6000061035156,46394700
245,2022-12-22,263.7891540527344,266.760009765625,270.510009765625,262.4599914550781,270.3800048828125,60278400
246,2022-12-23,264.3824768066406,267.3599853515625,268.0400085449219,263.5299987792969,265.4700012207031,39373600
247,2022-12-27,260.64459228515625,263.5799865722656,266.8500061035156,263.0299987792969,266.739990234375,38009000
248,2022-12-28,257.2033386230469,260.1000061035156,265.4700012207031,259.7300109863281,263.1700134277344,47139000
249,2022-12-29,263.47271728515625,266.44000244140625,267.3999938964844,262.25,262.9599914550781,45893600
250,2022-12-30,263.3144836425781,266.2799987792969,266.4100036621094,262.2900085449219,263.6199951171875,37858300
251,2023-01-03,261.53448486328125,264.4800109863281,270.1499938964844,262.1300048828125,268.6499938964844,42335300
252,2023-01-04,262.7805480957031,265.739990234375,267.45001220703125,262.5299987792969,266.6400146484375,47754900
253,2023-01-05,258.66680908203125,261.5799865722656,264.2099914550781,261.260009765625,264.0400085449219,45396700
254,2023-01-06,265.806396484375,268.79998779296875,269.94000244140625,260.3399963378906,263.3500061035156,54659700
255,2023-01-09,267.52703857421875,270.5400085449219,275.2900085449219,269.9200134277344,270.8299865722656,45568700
256,2023-01-10,269.79150390625,272.8299865722656,272.94000244140625,268.9700012207031,269.489990234375,35247800
257,2023-01-11,274.45892333984375,277.54998779296875,277.6600036621094,273.1199951171875,273.9200134277344,44077000
258,2023-01-12,275.9422302246094,279.04998779296875,280.1000061035156,273.739990234375,278.1199951171875,60600000
259,2023-01-13,277.84088134765625,280.9700012207031,281.2200012207031,276.1600036621094,276.5,44802900
260,2023-01-17,278.404541015625,281.5400085449219,282.8500061035156,279.5799865722656,280.7699890136719,36269700
261,2023-01-18,274.78533935546875,277.8800048828125,284.69000244140625,277.6700134277344,283.1099853515625,47754500
262,2023-01-19,272.085693359375,275.1499938964844,277.3800048828125,273.8900146484375,276.2200012207031,44150400
263,2023-01-20,279.53179931640625,282.67999267578125,283.0199890136719,275.7099914550781,276.7900085449219,60613600
264,2023-01-23,285.7419128417969,288.9599914550781,290.2099914550781,282.7300109863281,283.5400085449219,52799900
265,2023-01-24,285.158447265625,288.3699951171875,289.54998779296875,286.7799987792969,287.30999755859375,44875100
266,2023-01-25,284.525634765625,287.7300109863281,288.3599853515625,281.17999267578125,283.7699890136719,50872000
267,2023-01-26,290.0730895996094,293.3399963378906,293.5199890136719,288.5199890136719,291.2200012207031,51596300
268,2023-01-27,292.9606018066406,296.260009765625,298.260009765625,291.8800048828125,292.0,56441900
269,2023-01-30,287.03729248046875,290.2699890136719,294.3800048828125,289.8900146484375,292.92999267578125,49405800
270,2023-01-31,291.3388671875,294.6199951171875,294.7200012207031,290.20001220703125,290.30999755859375,46705100
271,2023-02-01,297.5686950683594,300.9200134277344,303.42999267578125,292.29998779296875,294.4100036621094,67562200
272,2023-02-02,308.2484436035156,311.7200012207031,313.67999267578125,306.7300109863281,307.57000732421875,83070600
273,2023-02-03,302.7701110839844,306.17999267578125,312.3900146484375,304.5400085449219,304.94000244140625,76170800
274,2023-02-06,300.2089538574219,303.5899963378906,305.9100036621094,302.2200012207031,303.510009765625,40802300
275,2023-02-07,306.4289245605469,309.8800048828125,311.0299987792969,302.32000732421875,303.4599914550781,67584000
276,2023-02-08,300.9803161621094,304.3699951171875,309.5,303.6700134277344,308.5400085449219,56720900
277,2023-02-09,298.3202209472656,301.67999267578125,308.989990234375,300.20001220703125,308.8399963378906,49137800
278,2023-02-10,296.3623046875,299.70001220703125,301.57000732421875,297.25,299.4800109863281,50050100
279,2023-02-13,301.10882568359375,304.5,305.1000061035156,299.92999267578125,301.1300048828125,39636700
280,2023-02-14,303.3337707519531,306.75,307.7200012207031,300.9100036621094,302.8900146484375,64079100
281,2023-02-15,305.6575927734375,309.1000061035156,309.2699890136719,304.20001220703125,304.8999938964844,43100600
282,2023-02-16,299.9222106933594,303.29998779296875,308.42999267578125,303.1499938964844,304.3800048828125,59498600
283,2023-02-17,297.8060302734375,301.1600036621094,301.92999267578125,298.1000061035156,301.07000732421875,58230700
284,2023-02-21,290.7554626464844,294.0299987792969,298.7300109863281,293.8900146484375,297.260009765625,46526700
285,2023-02-22,290.9730224609375,294.25,296.3599853515625,292.55999755859375,294.6199951171875,51389200
286,2023-02-23,293.514404296875,296.82000732421875,298.1300048828125,292.54998779296875,297.9700012207031,69294400
287,2023-02-24,288.5997314453125,291.8500061035156,292.9700012207031,290.04998779296875,291.760009765625,74332000
288,2023-02-27,290.6664733886719,293.94000244140625,296.489990234375,293.3399963378906,295.07000732421875,48995000
289,2023-02-28,290.2906494140625,293.55999755859375,296.1199951171875,292.9599914550781,293.29998779296875,48243100
290,2023-03-01,287.9570007324219,291.20001220703125,293.92999267578125,290.20001220703125,293.260009765625,58287000
291,2023-03-02,290.3401184082031,293.6099853515625,294.42999267578125,288.3699951171875,288.6600036621094,53565900
292,2023-03-03,296.34246826171875,299.67999267578125,299.9200134277344,294.8699951171875,295.3900146484375,60511500
293,2023-03-06,296.6787109375,300.0199890136719,304.0,299.82000732421875,300.94000244140625,56736300
294,2023-03-07,293.0396728515625,296.3399963378906,301.010009765625,295.7200012207031,300.07000732421875,65955800
295,2023-03-08,294.5032653808594,297.82000732421875,298.42999267578125,294.8800048828125,296.7699890136719,50876300
296,2023-03-09,289.4006652832031,292.6600036621094,300.9800109863281,291.8299865722656,298.3299865722656,71456700
297,2023-03-10,285.33648681640625,288.54998779296875,294.3500061035156,287.3800048828125,292.8299865722656,98593600
298,2023-03-13,287.4526672363281,290.69000244140625,294.4700012207031,285.19000244140625,286.7300109863281,97123600
299,2023-03-14,294.0582275390625,297.3699951171875,297.92999267578125,293.45001220703125,294.30999755859375,73602500
300,2023-03-15,295.60089111328125,298.92999267578125,299.2699890136719,293.239990234375,294.7099914550781,83631500
301,2023-03-16,303.3930969238281,306.80999755859375,307.17999267578125,297.19000244140625,298.0,98198100
302,2023-03-17,301.9592590332031,305.3599853515625,309.1499938964844,303.3699951171875,306.7200012207031,89923700
303,2023-03-20,303.03082275390625,305.9700012207031,306.29998779296875,302.010009765625,304.260009765625,56359500
304,2023-03-21,307.35888671875,310.3399963378906,310.79998779296875,306.3999938964844,307.94000244140625,49757000
305,2023-03-22,303.179443359375,306.1199951171875,315.25,305.95001220703125,310.2699890136719,75791900
306,2023-03-23,306.7745361328125,309.75,314.1499938964844,307.010009765625,309.9200134277344,74576000
307,2023-03-24,307.9035949707031,310.8900146484375,310.989990234375,306.95001220703125,309.32000732421875,57195200
308,2023-03-27,305.7940979003906,308.760009765625,312.70001220703125,307.8900146484375,311.6000061035156,50287400
309,2023-03-28,304.1698303222656,307.1199951171875,308.20001220703125,304.7699890136719,308.1700134277344,48585900
310,2023-03-29,309.7160339355469,312.7200012207031,313.3500061035156,310.04998779296875,310.8800048828125,53274300
311,2023-03-30,312.6475830078125,315.67999267578125,316.32000732421875,312.80999755859375,315.239990234375,58354800
312,2023-03-31,317.84716796875,320.92999267578125,321.1700134277344,315.6000061035156,315.9100036621094,62138100
313,2023-04-03,317.07464599609375,320.1499938964844,320.4200134277344,317.4200134277344,318.7699890136719,47126800
314,2023-04-04,316.0050354003906,319.07000732421875,321.6300048828125,317.8299865722656,320.6000061035156,45875400
315,2023-04-05,312.8852844238281,315.9200134277344,319.05999755859375,314.07000732421875,318.1000061035156,62795700
316,2023-04-06,314.9947814941406,318.04998779296875,318.54998779296875,312.82000732421875,314.239990234375,46916500
317,2023-04-10,314.8165283203125,317.8699951171875,317.9200134277344,313.25,315.07000732421875,45134700
318,2023-04-11,312.79608154296875,315.8299865722656,317.8900146484375,315.30999755859375,317.8299865722656,40113600
319,2023-04-12,310.0329284667969,313.0400085449219,318.4200134277344,312.57000732421875,317.82000732421875,62813300
320,2023-04-13,316.1040954589844,319.1700134277344,319.6499938964844,313.6300048828125,314.8299865722656,54613800
321,2023-04-14,315.50982666015625,318.57000732421875,320.3599853515625,315.6099853515625,317.5899963378906,56278300
322,2023-04-17,315.7771911621094,318.8399963378906,319.20001220703125,316.0400085449219,318.1499938964844,43007000
323,2023-04-18,315.7969970703125,318.8599853515625,321.4200134277344,317.6400146484375,320.989990234375,46746900
324,2023-04-19,315.64849853515625,318.7099914550781,319.7900085449219,316.2799987792969,316.4100036621094,38960100
325,2023-04-20,313.2418212890625,316.2799987792969,319.2699890136719,314.9700012207031,315.69000244140625,62462100
326,2023-04-21,313.5686340332031,316.6099853515625,317.3999938964844,314.1000061035156,315.9100036621094,59002300
327,2023-04-24,312.91497802734375,315.95001220703125,317.739990234375,313.739990234375,316.3800048828125,44043100
328,2023-04-25,307.0122985839844,309.989990234375,314.9700012207031,309.8900146484375,314.2900085449219,57121600
329,2023-04-26,308.8741760253906,311.8699951171875,314.94000244140625,311.3399963378906,313.44000244140625,55400500
330,2023-04-27,317.2727355957031,320.3500061035156,320.8599853515625,315.04998779296875,315.70001220703125,65430400
331,2023-04-28,319.46148681640625,322.55999755859375,322.6499938964844,318.9599914550781,320.1099853515625,59652500
332,2023-05-01,319.0950622558594,322.19000244140625,323.6300048828125,321.0899963378906,322.0899963378906,41013400
333,2023-05-02,316.3120422363281,319.3800048828125,322.45001220703125,317.6099853515625,322.1199951171875,56519400
334,2023-05-03,314.2421569824219,317.2900085449219,322.4700012207031,317.17999267578125,319.75,59882100
335,2023-05-04,313.13287353515625,316.1700134277344,318.2300109863281,315.1199951171875,317.05999755859375,50224500
336,2023-05-05,319.78839111328125,322.8900146484375,323.760009765625,316.2099914550781,318.4700012207031,51776000
337,2023-05-08,320.5806579589844,323.69000244140625,324.0400085449219,321.32000732421875,322.4200134277344,36465800
338,2023-05-09,318.5503845214844,321.6400146484375,322.8800048828125,321.32000732421875,322.0,31768800
339,2023-05-10,322.01678466796875,325.1400146484375,326.010009765625,321.6000061035156,324.1199951171875,60446600
340,2023-05-11,323.0665588378906,326.20001220703125,326.75,324.1199951171875,325.70001220703125,44278500
341,2023-05-12,321.9077453613281,325.0299987792969,327.1700134277344,322.94000244140625,326.739990234375,48396200
342,2023-05-15,323.65087890625,326.7900085449219,327.0299987792969,323.9599914550781,325.510009765625,33375600
343,2023-05-16,324.017333984375,327.1600036621094,328.8999938964844,326.0199890136719,326.05999755859375,40019200
344,2023-05-17,327.93927001953125,331.1199951171875,331.7099914550781,327.0400085449219,328.239990234375,47486100
345,2023-05-18,334.0301818847656,337.2699890136719,337.489990234375,331.5,331.5199890136719,64213500
346,2023-05-19,333.2774963378906,336.510009765625,338.2099914550781,335.42999267578125,337.489990234375,61462400
347,2023-05-22,334.3966369628906,337.6400146484375,338.6700134277344,336.239990234375,336.25,43015900
348,2023-05-23,330.1577453613281,333.3599853515625,337.05999755859375,333.0,335.8900146484375,48216700
349,2023-05-24,328.4642028808594,331.6499938964844,332.9100036621094,329.55999755859375,331.3699951171875,62891200
350,2023-05-25,336.4566650390625,339.7200012207031,341.010009765625,336.6700134277344,339.1400146484375,66862800
351,2023-05-26,345.05328369140625,348.3999938964844,349.25,340.6600036621094,340.760009765625,63007000
352,2023-05-30,346.6181640625,349.9800109863281,353.92999267578125,348.5299987792969,352.7099914550781,72652200
353,2023-05-31,344.6471862792969,347.989990234375,350.6000061035156,346.510009765625,348.3699951171875,65105400
354,2023-06-01,348.6286315917969,352.010009765625,353.3599853515625,346.6600036621094,347.7300109863281,50488600
355,2023-06-02,351.24322509765625,354.6499938964844,355.8299865722656,352.010009765625,353.79998779296875,53293500
356,2023-06-05,351.4908447265625,354.8999938964844,357.5,353.8500061035156,354.42999267578125,47266200
357,2023-06-06,351.4314270019531,354.8399963378906,355.82000732421875,352.92999267578125,354.2799987792969,41390400
358,2023-06-07,345.4692687988281,348.82000732421875,357.1199951171875,348.17999267578125,355.1300048828125,69225900
359,2023-06-08,349.75762939453125,353.1499938964844,353.6199951171875,348.8900146484375,349.1199951171875,47153900
360,2023-06-09,351.0947265625,354.5,357.6600036621094,353.0299987792969,354.6300048828125,53155900
361,2023-06-12,357.027099609375,360.489990234375,360.5899963378906,355.20001220703125,356.19000244140625,44606500
362,2023-06-13,359.77056884765625,363.260009765625,364.1099853515625,360.0299987792969,363.2900085449219,57097800
363,2023-06-14,362.3851623535156,365.8999938964844,366.19000244140625,360.4200134277344,363.2699890136719,69525600
364,2023-06-15,366.7033386230469,370.260009765625,371.7699890136719,363.9800109863281,364.6099853515625,71138800
365,2023-06-16,364.39569091796875,367.92999267578125,372.8500061035156,367.4800109863281,372.7200012207031,80875900
366,2023-06-20,363.8739929199219,366.8999938964844,368.32000732421875,363.8900146484375,365.95001220703125,49204700
367,2023-06-21,358.9152526855469,361.8999938964844,366.17999267578125,360.9599914550781,365.739990234375,53378300
368,2023-06-22,363.15008544921875,366.1700134277344,366.3299865722656,360.2200012207031,360.6300048828125,47603000
369,2023-06-23,359.54998779296875,362.5400085449219,364.8800048828125,360.82000732421875,362.2099914550781,48873900
370,2023-06-26,354.7300720214844,357.67999267578125,364.8399963378906,357.5899963378906,362.0,52685500
371,2023-06-27,360.8293151855469,363.8299865722656,364.57000732421875,358.510009765625,359.25,49428100
372,2023-06-28,361.5334777832031,364.5400085449219,366.5199890136719,361.8999938964844,361.9800109863281,46498000
373,2023-06-29,360.8095397949219,363.80999755859375,364.8900146484375,362.1400146484375,364.239990234375,46151000
374,2023-06-30,366.37322998046875,369.4200134277344,370.489990234375,367.2300109863281,367.54998779296875,58668800
375,2023-07-03,367.2360534667969,370.2900085449219,370.92999267578125,368.9700012207031,370.07000732421875,19432900
376,2023-07-05,367.22613525390625,370.2799987792969,372.010009765625,368.6600036621094,368.70001220703125,34460900
377,2023-07-06,364.4294128417969,367.4599914550781,367.9100036621094,364.5199890136719,366.510009765625,49374700
378,2023-07-07,363.2194519042969,366.239990234375,370.4800109863281,366.010009765625,367.2300109863281,47083200
379,2023-07-10,363.3384704589844,366.3599853515625,367.04998779296875,363.4100036621094,365.9599914550781,48498800
380,2023-07-11,365.133544921875,368.1700134277344,368.6300048828125,364.6199951171875,366.7900085449219,38214100
381,2023-07-12,369.7452087402344,372.82000732421875,374.19000244140625,370.29998779296875,372.3399963378906,61975400
382,2023-07-13,376.0229797363281,379.1499938964844,379.989990234375,375.4599914550781,376.04998779296875,46960000
383,2023-07-14,375.9436340332031,379.07000732421875,382.8599853515625,378.17999267578125,379.5899963378906,55097800
384,2023-07-17,379.45440673828125,382.6099853515625,383.5,379.30999755859375,379.79998779296875,40868900
385,2023-07-18,382.55865478515625,385.739990234375,387.1300048828125,380.0,381.9599914550781,55343400
386,2023-07-19,382.4693603515625,385.6499938964844,387.9800109863281,384.29998779296875,386.82000732421875,54093000
387,2023-07-20,373.6526794433594,376.760009765625,384.1000061035156,375.7200012207031,382.6099853515625,71941700
388,2023-07-21,372.531982421875,375.6300048828125,379.9200134277344,375.19000244140625,379.17999267578125,60439400
389,2023-07-24,373.1270751953125,376.2300109863281,377.5799865722656,374.3399963378906,376.6199951171875,40380100
390,2023-07-25,375.6560363769531,378.7799987792969,380.4700012207031,376.92999267578125,376.95001220703125,38894400
391,2023-07-26,374.40643310546875,377.5199890136719,379.239990234375,375.17999267578125,377.7200012207031,47075700
392,2023-07-27,373.5138244628906,376.6199951171875,384.7099914550781,375.30999755859375,383.07000732421875,63940200
393,2023-07-28,380.3172912597656,383.4800109863281,384.5199890136719,380.2200012207031,380.739990234375,56902900
394,2023-07-31,380.515625,383.67999267578125,384.8800048828125,382.3399963378906,383.7900085449219,44019900
395,2023-08-01,379.6329650878906,382.7900085449219,383.55999755859375,380.69000244140625,382.30999755859375,41060600
396,2023-08-02,371.3022766113281,374.3900146484375,379.260009765625,373.1300048828125,379.260009765625,72687100
397,2023-08-03,370.70721435546875,373.7900085449219,375.95001220703125,371.7699890136719,371.94000244140625,47666400
398,2023-08-04,368.9716491699219,372.0400085449219,378.1000061035156,371.5299987792969,375.75,61646200
399,2023-08-07,372.09564208984375,375.19000244140625,375.2900085449219,371.510009765625,373.8800048828125,37230400
400,2023-08-08,368.9319763183594,372.0,372.6600036621094,368.82000732421875,372.6400146484375,44726500
401,2023-08-09,364.875732421875,367.9100036621094,372.45001220703125,367.1400146484375,372.2900085449219,51150900
402,2023-08-10,365.5500793457031,368.5899963378906,374.3599853515625,367.0400085449219,370.9700012207031,72035300
403,2023-08-11,363.2194519042969,366.239990234375,368.0,364.69000244140625,365.989990234375,48683800
404,2023-08-14,367.2955322265625,370.3500061035156,370.4700012207031,364.70001220703125,365.42999267578125,42130800
405,2023-08-15,363.3979797363281,366.4200134277344,370.1700134277344,365.739990234375,369.3599853515625,45539900
406,2023-08-16,359.54998779296875,362.5400085449219,367.42999267578125,362.44000244140625,365.8699951171875,53190500
407,2023-08-17,355.62261962890625,358.5799865722656,364.30999755859375,358.1600036621094,363.9599914550781,62604300
408,2023-08-18,355.17633056640625,358.1300048828125,359.4100036621094,354.7099914550781,355.260009765625,61119500
409,2023-08-21,360.89874267578125,363.8999938964844,364.5899963378906,359.1499938964844,359.6199951171875,50696500
410,2023-08-22,360.3830261230469,363.3800048828125,366.55999755859375,362.67999267578125,366.54998779296875,44613500
411,2023-08-23,366.0657958984375,369.1099853515625,370.2200012207031,364.3599853515625,364.5799865722656,51770600
412,2023-08-24,358.2408447265625,361.2200012207031,372.739990234375,361.010009765625,372.6400146484375,66842500
413,2023-08-25,361.01776123046875,364.0199890136719,365.739990234375,358.5799865722656,362.07000732421875,69960500
414,2023-08-28,363.73516845703125,366.760009765625,367.7099914550781,364.25,366.989990234375,40910000
415,2023-08-29,371.6790771484375,374.7699890136719,375.1300048828125,366.2300109863281,366.55999755859375,58492400
416,2023-08-30,373.7518310546875,376.8599853515625,377.45001220703125,373.8599853515625,374.8800048828125,41731500
417,2023-08-31,374.87255859375,377.989990234375,379.7200012207031,376.8699951171875,376.94000244140625,35730700
418,2023-09-01,374.4758605957031,377.5899963378906,380.8299865722656,376.0799865722656,380.3999938964844,39772400
419,2023-09-05,374.9518737792969,378.07000732421875,379.30999755859375,375.8299865722656,376.7699890136719,32344200
420,2023-09-06,371.64935302734375,374.739990234375,377.6300048828125,372.70001220703125,377.2799987792969,42998700
421,2023-09-07,368.991455078125,372.05999755859375,372.8500061035156,369.1499938964844,370.2099914550781,52060700
422,2023-09-08,369.50714111328125,372.5799865722656,374.8500061035156,371.6000061035156,372.010009765625,35800100
423,2023-09-11,373.8609619140625,376.9700012207031,377.489990234375,373.6600036621094,375.6600036621094,39936600
424,2023-09-12,369.7154541015625,372.7900085449219,376.95001220703125,372.5,375.2699890136719,41391000
425,2023-09-13,371.1237487792969,374.2099914550781,375.8399963378906,371.8800048828125,373.0299987792969,46300700
426,2023-09-14,374.1584777832031,377.2699890136719,378.2699890136719,373.8900146484375,375.989990234375,48039400
427,2023-09-15,367.7517395019531,370.80999755859375,376.32000732421875,369.8599853515625,375.9100036621094,69757700
428,2023-09-18,368.1351623535156,370.6600036621094,371.7900085449219,369.0299987792969,369.32000732421875,36903500
429,2023-09-19,367.3505554199219,369.8699951171875,370.67999267578125,366.79998779296875,369.32000732421875,37621700
430,2023-09-20,362.05682373046875,364.5400085449219,371.30999755859375,364.4599914550781,370.95001220703125,45514200
431,2023-09-21,355.42230224609375,357.8599853515625,361.6000061035156,357.69000244140625,360.79998779296875,69584700
432,2023-09-22,355.47198486328125,357.9100036621094,361.79998779296875,357.5899963378906,359.6300048828125,51589700
433,2023-09-25,357.160400390625,359.6099853515625,359.70001220703125,355.92999267578125,356.92999267578125,39168000
434,2023-09-26,351.79718017578125,354.2099914550781,357.5400085449219,353.2099914550781,356.989990234375,53657700
435,2023-09-27,352.6215515136719,355.0400085449219,356.9800109863281,351.3599853515625,355.3800048828125,56066000
436,2023-09-28,355.5713195800781,358.010009765625,360.1700134277344,353.239990234375,354.1099853515625,56453300
437,2023-09-29,355.82952880859375,358.2699890136719,362.95001220703125,357.0199890136719,361.5400085449219,64754300
438,2023-10-02,358.7991638183594,361.260009765625,362.67999267578125,357.9200134277344,358.5400085449219,51625100
439,2023-10-03,352.50238037109375,354.9200134277344,361.010009765625,353.2799987792969,358.7799987792969,60478500
440,2023-10-04,357.2994689941406,359.75,360.6099853515625,355.29998779296875,355.7699890136719,54786700
441,2023-10-05,356.2466735839844,358.69000244140625,360.1499938964844,355.1400146484375,359.739990234375,45897400
442,2023-10-06,362.21575927734375,364.70001220703125,365.9100036621094,354.8500061035156,355.6499938964844,74959200
443,2023-10-09,364.06304931640625,366.55999755859375,367.1099853515625,360.7799987792969,362.29998779296875,45304800
444,2023-10-10,366.0792236328125,368.5899963378906,371.2799987792969,366.3900146484375,366.8999938964844,46968800
445,2023-10-11,368.69134521484375,371.2200012207031,371.4100036621094,368.19000244140625,369.94000244140625,38215100
446,2023-10-12,367.41009521484375,369.92999267578125,373.739990234375,367.5,371.7300109863281,49587900
447,2023-10-13,362.791748046875,365.2799987792969,371.1600036621094,363.8599853515625,370.57000732421875,52469900
448,2023-10-16,366.8936767578125,369.4100036621094,370.4800109863281,366.4700012207031,366.6199951171875,44201100
449,2023-10-17,365.69189453125,368.20001220703125,369.9200134277344,363.6600036621094,365.80999755859375,50999100
450,2023-10-18,360.8948059082031,363.3699951171875,367.9100036621094,362.0199890136719,365.6700134277344,54280500
451,2023-10-19,357.5179443359375,359.9700012207031,366.0199890136719,359.1600036621094,364.80999755859375,72274200
452,2023-10-20,352.1845397949219,354.6000061035156,360.0400085449219,354.3699951171875,359.4599914550781,72369800
453,2023-10-23,353.2472839355469,355.6700134277344,359.260009765625,351.1199951171875,353.260009765625,60665200
454,2023-10-24,356.6836853027344,359.1300048828125,359.9100036621094,355.7900085449219,357.510009765625,47082100
455,2023-10-25,347.9535217285156,350.3399963378906,356.8800048828125,349.75,356.70001220703125,71190500
456,2023-10-26,341.3190612792969,343.6600036621094,350.07000732421875,342.3500061035156,349.1199951171875,78621400
457,2023-10-27,342.9577941894531,345.30999755859375,348.8399963378906,344.0799865722656,346.42999267578125,63476700
458,2023-10-30,346.82135009765625,349.20001220703125,350.5400085449219,346.45001220703125,347.8299865722656,55298500
459,2023-10-31,348.47991943359375,350.8699951171875,351.25,346.6199951171875,349.2300109863281,47671900
460,2023-11-01,354.5284423828125,356.9599914550781,357.5299987792969,351.6199951171875,351.7200012207031,58992700
461,2023-11-02,360.9643249511719,363.44000244140625,363.67999267578125,360.29998779296875,361.5400085449219,58162400
462,2023-11-03,365.2052307128906,367.7099914550781,369.0199890136719,364.5199890136719,364.75,53239100
463,2023-11-06,366.69500732421875,369.2099914550781,369.7799987792969,366.9100036621094,368.489990234375,38848700
464,2023-11-07,370.1612854003906,372.70001220703125,373.5799865722656,369.04998779296875,370.2699890136719,50777400
465,2023-11-08,370.39959716796875,372.94000244140625,373.7900085449219,370.6199951171875,373.0799865722656,35663400
466,2023-11-09,367.5491638183594,370.07000732421875,374.79998779296875,369.57000732421875,373.6400146484375,53859400
467,2023-11-10,375.8125,378.3900146484375,378.5400085449219,371.2799987792969,371.82000732421875,58309800
468,2023-11-13,374.6404724121094,377.2099914550781,378.2799987792969,375.239990234375,376.7900085449219,40733500
469,2023-11-14,382.7052001953125,385.3299865722656,386.260009765625,383.17999267578125,383.7099914550781,67792600
470,2023-11-15,382.9932556152344,385.6199951171875,387.75,384.239990234375,387.25,54141400
471,2023-11-16,383.3210144042969,385.95001220703125,386.19000244140625,383.55999755859375,384.8399963378906,45343500
472,2023-11-17,383.4103698730469,386.0400085449219,387.07000732421875,384.2900085449219,385.2099914550781,46571900
473,2023-11-20,388.078369140625,390.739990234375,391.4100036621094,386.04998779296875,386.04998779296875,44429600
474,2023-11-21,385.8238525390625,388.4700012207031,389.2300109863281,386.70001220703125,389.010009765625,43337000
475,2023-11-22,387.4029846191406,390.05999755859375,393.07000732421875,389.0400085449219,390.57000732421875,44121000
476,2023-11-24,386.85675048828125,389.510009765625,390.25,388.5,389.6499938964844,15718800
477,2023-11-27,386.5190734863281,389.1700134277344,391.1499938964844,388.2799987792969,389.010009765625,34139700
478,2023-11-28,387.5321350097656,390.19000244140625,390.7799987792969,388.04998779296875,388.4100036621094,35491100
479,2023-11-29,387.1546936035156,389.80999755859375,394.1400146484375,389.4599914550781,392.69000244140625,38811700
480,2023-11-30,386.18133544921875,388.8299865722656,390.54998779296875,385.82000732421875,390.0799865722656,52834400
481,2023-12-01,387.2837829589844,389.94000244140625,390.5400085449219,386.07000732421875,387.75,40440500
482,2023-12-04,383.6884765625,386.32000732421875,386.6000061035156,382.6600036621094,386.0899963378906,51186900
483,2023-12-05,384.6518859863281,387.2900085449219,388.5,384.2099914550781,384.3900146484375,42933000
484,2023-12-06,382.4270935058594,385.04998779296875,390.3699951171875,384.70001220703125,390.2699890136719,41994100
485,2023-12-07,387.7704772949219,390.42999267578125,391.2699890136719,386.9599914550781,388.07000732421875,49593500
486,2023-12-08,389.4986267089844,392.1700134277344,392.6199951171875,388.4800109863281,388.6700134277344,46623600
487,2023-12-11,392.82574462890625,395.5199890136719,395.7900085449219,391.5299987792969,391.739990234375,41198000
488,2023-12-12,395.9543151855469,398.6700134277344,398.7900085449219,394.4100036621094,395.55999755859375,39221200
489,2023-12-13,400.98980712890625,403.739990234375,404.3599853515625,398.8399963378906,399.6199951171875,55408100
490,2023-12-14,400.6422424316406,403.3900146484375,406.29998779296875,400.3399963378906,404.9800109863281,55447800
491,2023-12-15,402.578857421875,405.3399963378906,406.5400085449219,403.57000732421875,404.17999267578125,62598000
492,2023-12-18,405.1146240234375,407.0799865722656,407.989990234375,404.6000061035156,404.92999267578125,46610000
493,2023-12-19,407.1845703125,409.1600036621094,409.2799987792969,407.3500061035156,407.5400085449219,35711900
494,2023-12-20,401.1339111328125,403.0799865722656,410.4700012207031,402.8999938964844,408.3500061035156,54042400
495,2023-12-21,405.80126953125,407.7699890136719,408.1400146484375,404.4700012207031,407.05999755859375,45568900
496,2023-12-22,406.4083251953125,408.3800048828125,409.9700012207031,406.4800109863281,409.0,34292400
497,2023-12-26,408.8962707519531,410.8800048828125,411.55999755859375,409.1499938964844,409.25,22722500
498,2023-12-27,409.7286682128906,411.5,411.7900085449219,410.0799865722656,410.95001220703125,31980500
499,2023-12-28,409.5295104980469,411.29998779296875,412.9200134277344,410.94000244140625,412.6700134277344,27029200
500,2023-12-29,407.7572021484375,409.5199890136719,411.6400146484375,407.5799865722656,411.2799987792969,42633400
501,2024-01-02,400.8570251464844,402.5899963378906,406.0899963378906,400.239990234375,405.8399963378906,58026900
502,2024-01-03,396.6153564453125,398.3299865722656,401.0,397.8900146484375,399.92999267578125,47002800
503,2024-01-04,394.5741882324219,396.2799987792969,399.5899963378906,396.05999755859375,396.44000244140625,39432800
504,2024-01-05,395.0421447753906,396.75,399.55999755859375,395.3399963378906,396.45001220703125,44867900
505,2024-01-08,403.2069091796875,404.95001220703125,405.239990234375,397.8399963378906,397.989990234375,42473800
506,2024-01-09,404.00341796875,405.75,406.69000244140625,401.7099914550781,401.9100036621094,39132900
507,2024-01-10,406.7416076660156,408.5,409.5199890136719,405.1700134277344,406.07000732421875,33962800
508,2024-01-11,407.58795166015625,409.3500061035156,411.20001220703125,404.239990234375,409.7900085449219,54536200
509,2024-01-12,407.7970275878906,409.55999755859375,411.25,408.1499938964844,410.3999938964844,39581400
510,2024-01-16,407.7572021484375,409.5199890136719,411.1199951171875,406.8299865722656,408.30999755859375,43903000
511,2024-01-17,405.4571228027344,407.2099914550781,407.5899963378906,402.9200134277344,406.1700134277344,54386000
512,2024-01-18,411.2122802734375,412.989990234375,413.5799865722656,409.1600036621094,410.5199890136719,59562500
513,2024-01-19,419.36700439453125,421.17999267578125,421.3399963378906,414.6300048828125,415.2200012207031,70268500
514,2024-01-22,419.9146423339844,421.7300109863281,424.7300109863281,421.1199951171875,423.4100036621094,44880600
515,2024-01-23,421.6571044921875,423.4800109863281,423.70001220703125,420.57000732421875,422.42999267578125,33003800
516,2024-01-24,423.9969787597656,425.8299865722656,429.8500061035156,425.3299865722656,427.44000244140625,46948000
517,2024-01-25,424.5147399902344,426.3500061035156,429.0400085449219,423.9800109863281,428.3599853515625,44367200
518,2024-01-26,421.9856872558594,423.80999755859375,426.2099914550781,423.1499938964844,424.44000244140625,37137000
519,2024-01-29,426.3070068359375,428.1499938964844,428.3500061035156,423.6099853515625,424.2699890136719,38694700
520,2024-01-30,423.46923828125,425.29998779296875,427.67999267578125,424.3800048828125,427.1000061035156,36739000
521,2024-01-31,415.1751403808594,416.9700012207031,422.8699951171875,416.7900085449219,420.8500061035156,64010600
522,2024-02-01,420.0639953613281,421.8800048828125,422.3800048828125,417.80999755859375,418.7900085449219,51008600
523,2024-02-02,427.1632995605469,429.010009765625,430.239990234375,422.7900085449219,423.79998779296875,59582300
524,2024-02-05,426.6057434082031,428.45001220703125,429.6099853515625,425.0,429.07000732421875,39889200
525,2024-02-06,425.7494201660156,427.5899963378906,430.2200012207031,425.2200012207031,429.6099853515625,35846100
526,2024-02-07,430.1304931640625,431.989990234375,432.8299865722656,429.0899963378906,430.4100036621094,37712700
527,2024-02-08,430.9270324707031,432.7900085449219,433.55999755859375,431.4200134277344,432.1099853515625,29889900
528,2024-02-09,435.1686706542969,437.04998779296875,437.8500061035156,433.1400146484375,433.94000244140625,36943900
529,2024-02-12,433.4660339355469,435.3399963378906,439.1400146484375,434.6499938964844,436.94000244140625,33203300
530,2024-02-13,426.7052307128906,428.54998779296875,431.2699890136719,425.3299865722656,427.2799987792969,64491700
531,2024-02-14,431.3551940917969,433.2200012207031,433.6499938964844,428.8800048828125,431.260009765625,45092700
532,2024-02-15,432.6396179199219,434.510009765625,434.9800109863281,431.3299865722656,433.9200134277344,38796100
533,2024-02-16,428.7165832519531,430.57000732421875,434.989990234375,429.8500061035156,434.8900146484375,53661500
534,2024-02-20,425.4805908203125,427.32000732421875,430.0799865722656,423.5,428.54998779296875,53999500
535,2024-02-21,423.77789306640625,425.6099853515625,425.70001220703125,421.6300048828125,424.54998779296875,50179700
536,2024-02-22,436.1842956542969,438.07000732421875,439.1199951171875,433.7099914550781,434.489990234375,53887800
537,2024-02-23,434.89984130859375,436.7799987792969,440.5899963378906,435.7900085449219,439.6499938964844,39853900
538,2024-02-26,434.67083740234375,436.54998779296875,438.6000061035156,436.3599853515625,437.6000061035156,33043200
539,2024-02-27,435.7163391113281,437.6000061035156,437.989990234375,435.0299987792969,437.6700134277344,33713200
540,2024-02-28,433.3963317871094,435.2699890136719,436.6700134277344,434.29998779296875,435.42999267578125,32938800
541,2024-02-29,437.11029052734375,439.0,440.0899963378906,435.0199890136719,438.2300109863281,42495200
542,2024-03-01,443.6918029785156,445.6099853515625,446.5799865722656,439.8399963378906,439.8999938964844,43809200
543,2024-03-04,442.1086730957031,444.0199890136719,446.0400085449219,443.7699890136719,445.6099853515625,34325700
544,2024-03-05,434.1729736328125,436.04998779296875,440.95001220703125,433.6499938964844,440.94000244140625,57917100
545,2024-03-06,436.9012145996094,438.7900085449219,441.989990234375,436.8900146484375,440.32000732421875,46234500
546,2024-03-07,443.5325622558594,445.45001220703125,446.7200012207031,440.8599853515625,442.4200134277344,44526700
547,2024-03-08,437.13018798828125,439.0199890136719,448.6400146484375,438.3399963378906,445.80999755859375,71954300
548,2024-03-11,435.50726318359375,437.3900146484375,438.6600036621094,435.44000244140625,437.510009765625,45860000
549,2024-03-12,441.7502746582031,443.6600036621094,444.0199890136719,436.4599914550781,439.7300109863281,55300900
550,2024-03-13,438.35491943359375,440.25,442.6700134277344,439.1199951171875,442.6499938964844,37928700
551,2024-03-14,437.2497253417969,439.1400146484375,442.0299987792969,436.3900146484375,441.5,52195200
552,2024-03-15,432.0521545410156,433.9200134277344,438.8699951171875,432.739990234375,436.07000732421875,73038800
553,2024-03-18,436.1728515625,437.4800109863281,441.0400085449219,437.239990234375,438.7300109863281,47323800
554,2024-03-19,437.2595520019531,438.57000732421875,438.9800109863281,433.3299865722656,435.45001220703125,43004100
555,2024-03-20,442.44403076171875,443.7699890136719,444.1099853515625,438.05999755859375,439.7799987792969,43653500
556,2024-03-21,444.5377502441406,445.8699951171875,449.3399963378906,445.6700134277344,448.8800048828125,39345700
557,2024-03-22,445.0462341308594,446.3800048828125,447.489990234375,444.489990234375,445.3500061035156,28229300
558,2024-03-25,443.4310607910156,444.760009765625,446.260009765625,442.5400085449219,443.54998779296875,27789200
559,2024-03-26,441.995361328125,443.32000732421875,447.2300109863281,443.0899963378906,446.29998779296875,34142000
560,2024-03-27,443.5008544921875,444.8299865722656,446.5400085449219,441.92999267578125,446.44000244140625,41359200
561,2024-03-28,442.6833190917969,444.010009765625,445.6400146484375,443.6499938964844,444.7799987792969,36839600
562,2024-04-01,443.62054443359375,444.95001220703125,447.5299987792969,443.0199890136719,444.9700012207031,38729000
563,2024-04-02,439.7919616699219,441.1099853515625,441.42999267578125,438.0299987792969,440.0799865722656,44259700
564,2024-04-03,440.7790222167969,442.1000061035156,444.0,438.95001220703125,438.9599914550781,39949800
565,2024-04-04,434.0392150878906,435.3399963378906,446.95001220703125,435.1099853515625,446.3299865722656,57267700
566,2024-04-05,439.1539001464844,440.4700012207031,443.1700134277344,435.9599914550781,436.7799987792969,54723000
567,2024-04-08,439.28350830078125,440.6000061035156,442.5,439.20001220703125,441.4100036621094,28144900
568,2024-04-09,440.90863037109375,442.2300109863281,443.239990234375,437.44000244140625,442.9599914550781,39521600
569,2024-04-10,437.0601806640625,438.3699951171875,439.239990234375,436.2799987792969,437.0,61502200
570,2024-04-11,444.03924560546875,445.3699951171875,446.3299865722656,437.9599914550781,440.260009765625,45474600
571,2024-04-12,436.96044921875,438.2699890136719,442.239990234375,436.8800048828125,441.1000061035156,53602600
572,2024-04-15,429.7720031738281,431.05999755859375,442.1499938964844,430.2099914550781,442.05999755859375,63453600
573,2024-04-16,429.8118896484375,431.1000061035156,433.760009765625,429.70001220703125,430.8999938964844,47619000
574,2024-04-17,424.5675964355469,425.8399963378906,433.1199951171875,424.8999938964844,433.1000061035156,56880500
575,2024-04-18,422.1448669433594,423.4100036621094,428.239990234375,422.8299865722656,426.489990234375,46549400
576,2024-04-19,413.4110412597656,414.6499938964844,422.75,413.07000732421875,422.2200012207031,75136600
577,2024-04-22,417.5685729980469,418.82000732421875,421.17999267578125,413.94000244140625,417.30999755859375,47807700
578,2024-04-23,423.7998962402344,425.07000732421875,426.2799987792969,418.8699951171875,420.7699890136719,44384700
579,2024-04-24,425.235595703125,426.510009765625,429.7300109863281,424.20001220703125,428.20001220703125,48440300
580,2024-04-25,423.1817932128906,424.45001220703125,425.32000732421875,418.1400146484375,419.239990234375,57392200
581,2024-04-26,429.7121887207031,431.0,432.54998779296875,426.9200134277344,427.6199951171875,41874900
582,2024-04-29,431.45697021484375,432.75,433.760009765625,429.9800109863281,433.1300048828125,30022200
583,2024-04-30,423.3213195800781,424.5899963378906,432.55999755859375,424.510009765625,431.1499938964844,43665900
584,2024-05-01,420.260498046875,421.5199890136719,430.1400146484375,420.6600036621094,423.1499938964844,52251700
585,2024-05-02,425.6244201660156,426.8999938964844,427.80999755859375,420.6300048828125,425.29998779296875,36559000
586,2024-05-03,434.1788024902344,435.4800109863281,436.4800109863281,432.6199951171875,434.44000244140625,48515300
587,2024-05-06,438.9345397949219,440.25,440.3399963378906,436.5199890136719,437.29998779296875,30227200
588,2024-05-07,439.00433349609375,440.32000732421875,441.9700012207031,439.5799865722656,440.70001220703125,30996100
589,2024-05-08,438.7451171875,440.05999755859375,441.4800109863281,437.54998779296875,437.6700134277344,24896700
590,2024-05-09,439.7022399902344,441.0199890136719,441.6000061035156,438.4599914550781,440.3299865722656,24580100
591,2024-05-10,440.7391357421875,442.05999755859375,444.30999755859375,440.5,442.5400085449219,27116600
592,2024-05-13,441.7560729980469,443.0799865722656,444.0899963378906,441.6499938964844,443.989990234375,22994200
593,2024-05-14,444.59759521484375,445.92999267578125,446.4700012207031,442.4599914550781,442.6499938964844,34478300
594,2024-05-15,451.5467529296875,452.8999938964844,453.1499938964844,446.8999938964844,448.42999267578125,41464700
595,2024-05-16,450.6295166015625,451.9800109863281,454.69000244140625,451.80999755859375,452.7099914550781,34780400
596,2024-05-17,450.41015625,451.760009765625,452.7200012207031,449.5400085449219,452.1099853515625,35803700
597,2024-05-20,453.5507507324219,454.9100036621094,455.5799865722656,451.7900085449219,451.9800109863281,24474200
598,2024-05-21,454.43804931640625,455.79998779296875,455.989990234375,452.8399963378906,453.0400085449219,23167700
599,2024-05-22,454.3483581542969,455.7099914550781,456.82000732421875,453.0799865722656,456.05999755859375,25120000
600,2024-05-23,452.30450439453125,453.6600036621094,460.5799865722656,451.8500061035156,460.54998779296875,40899200
601,2024-05-24,456.5816955566406,457.95001220703125,459.2300109863281,453.57000732421875,455.2900085449219,29651000
602,2024-05-28,458.3064880371094,459.67999267578125,459.739990234375,456.69000244140625,459.17999267578125,26216800
603,2024-05-29,455.076171875,456.44000244140625,458.239990234375,455.3399963378906,455.4800109863281,29739200
604,2024-05-30,450.2007751464844,451.54998779296875,455.6400146484375,450.2099914550781,455.5,30714100
605,2024-05-31,449.36328125,450.7099914550781,452.4800109863281,443.05999755859375,451.7799987792969,55941300
606,2024-06-03,451.77606201171875,453.1300048828125,455.5799865722656,447.8999938964844,454.57000732421875,32997500
607,2024-06-04,453.0123596191406,454.3699951171875,455.5799865722656,451.1300048828125,452.8699951171875,23767400
608,2024-06-05,462.1449890136719,463.5299987792969,463.6099853515625,454.4100036621094,457.9800109863281,33817400
609,2024-06-06,461.9854736328125,463.3699951171875,464.5400085449219,462.19000244140625,464.2200012207031,21966800
610,2024-06-07,461.5766906738281,462.9599914550781,465.739990234375,461.8399963378906,463.0,25829700
611,2024-06-10,463.44110107421875,464.8299865722656,465.19000244140625,461.5299987792969,461.82000732421875,20719800
612,2024-06-11,466.6215515136719,468.0199890136719,468.1400146484375,462.0299987792969,463.5400085449219,22053300
613,2024-06-12,472.7332458496094,474.1499938964844,476.5,471.2900085449219,471.989990234375,34532600
614,2024-06-13,475.29559326171875,476.7200012207031,478.3900146484375,474.4200134277344,477.7200012207031,25859000
615,2024-06-14,477.7582092285156,479.19000244140625,479.260009765625,476.04998779296875,476.5199890136719,23372600
616,2024-06-17,483.61065673828125,485.05999755859375,486.8599853515625,478.1400146484375,479.4599914550781,37054500
617,2024-06-18,483.76019287109375,485.2099914550781,485.8999938964844,483.42999267578125,485.010009765625,24438600
618,2024-06-20,480.0314025878906,481.4700012207031,486.8399963378906,479.6199951171875,486.4200134277344,33918700
619,2024-06-21,478.7452392578125,480.17999267578125,482.5400085449219,478.6700134277344,481.19000244140625,39432900
620,2024-06-24,473.2948913574219,473.9599914550781,479.92999267578125,473.82000732421875,478.17999267578125,37751000
621,2024-06-25,478.7073059082031,479.3800048828125,479.67999267578125,475.1199951171875,476.07000732421875,29250200
622,2024-06-26,479.6958923339844,480.3699951171875,480.9200134277344,478.1300048828125,478.54998779296875,22737100
623,2024-06-27,480.93414306640625,481.6099853515625,483.1000061035156,479.29998779296875,480.1199951171875,26222100
624,2024-06-28,478.4376525878906,479.1099853515625,487.20001220703125,478.4599914550781,482.4100036621094,34881600
625,2024-07-01,481.2437438964844,481.9200134277344,482.489990234375,476.260009765625,480.0400085449219,24898300
626,2024-07-02,486.296630859375,486.9800109863281,487.0400085449219,480.2799987792969,480.4100036621094,26723600
627,2024-07-03,490.3509521484375,491.0400085449219,491.1700134277344,486.2200012207031,486.2200012207031,18064900
628,2024-07-05,495.4637451171875,496.1600036621094,496.6000061035156,491.5899963378906,491.8900146484375,28495900
629,2024-07-08,496.64208984375,497.3399963378906,497.8999938964844,495.5,496.5299987792969,22109400
630,2024-07-09,497.07147216796875,497.7699890136719,500.0,496.239990234375,498.8699951171875,25614500
631,2024-07-10,502.25421142578125,502.9599914550781,503.5199890136719,498.3900146484375,499.7099914550781,28046900
632,2024-07-11,491.23968505859375,491.92999267578125,503.2799987792969,490.7300109863281,503.07000732421875,49966600
633,2024-07-12,494.1256408691406,494.82000732421875,499.6199951171875,492.0400085449219,492.510009765625,37109400
634,2024-07-15,495.4537658691406,496.1499938964844,501.010009765625,494.0899963378906,496.6099853515625,31151400
635,2024-07-16,495.64349365234375,496.3399963378906,498.44000244140625,493.1499938964844,497.6199951171875,25950600
636,2024-07-17,481.09393310546875,481.7699890136719,488.79998779296875,481.70001220703125,488.2799987792969,56268800
637,2024-07-18,478.817138671875,479.489990234375,485.7099914550781,476.2699890136719,485.5299987792969,49347400
638,2024-07-19,474.5730895996094,475.239990234375,481.69000244140625,473.94000244140625,479.1499938964844,42042900
639,2024-07-22,481.6431884765625,482.32000732421875,483.3500061035156,477.7099914550781,481.1600036621094,40300000
640,2024-07-23,479.945556640625,480.6199951171875,484.42999267578125,480.1400146484375,481.4100036621094,23282500
641,2024-07-24,462.7297668457031,463.3800048828125,474.19000244140625,462.510009765625,473.82000732421875,58818600
642,2024-07-25,457.6269226074219,458.2699890136719,467.94000244140625,455.6300048828125,463.7200012207031,59256800
643,2024-07-26,462.3203430175781,462.9700012207031,465.92999267578125,459.7699890136719,462.6499938964844,39992100
644,2024-07-29,463.2490234375,463.8999938964844,467.9100036621094,461.6199951171875,465.7099914550781,28218500
645,2024-07-30,456.8879699707031,457.5299987792969,466.55999755859375,454.1499938964844,465.8500061035156,41317200
646,2024-07-31,470.4089660644531,471.07000732421875,472.7900085449219,466.4100036621094,467.8699951171875,44552100
647,2024-08-01,459.0149841308594,459.6600036621094,475.54998779296875,455.9800109863281,471.760009765625,56653900
648,2024-08-02,448.1202697753906,448.75,453.57000732421875,444.4700012207031,450.8900146484375,66323200
649,2024-08-05,434.7590637207031,435.3699951171875,442.2900085449219,423.45001220703125,424.7099914550781,87483500
650,2024-08-06,438.9132080078125,439.5299987792969,447.07000732421875,434.55999755859375,437.2300109863281,63164400
651,2024-08-07,434.1598815917969,434.7699890136719,449.0,434.3699951171875,446.489990234375,54929200
652,2024-08-08,447.4412536621094,448.07000732421875,448.989990234375,437.1499938964844,441.05999755859375,47890100
653,2024-08-09,449.7779541015625,450.4100036621094,452.05999755859375,445.6099853515625,446.739990234375,33574000
654,2024-08-12,450.74658203125,451.3800048828125,454.3699951171875,448.54998779296875,451.3900146484375,27795000
655,2024-08-13,461.93084716796875,462.5799865722656,462.8500061035156,455.67999267578125,455.82000732421875,40084500
656,2024-08-14,462.0806884765625,462.7300109863281,465.1099853515625,458.3999938964844,463.510009765625,34733700
657,2024-08-15,473.7542724609375,474.4200134277344,474.82000732421875,468.3800048828125,468.760009765625,38280600
658,2024-08-16,474.3634033203125,475.0299987792969,476.4100036621094,471.6499938964844,472.6199951171875,38383600
659,2024-08-19,480.5946350097656,481.2699890136719,481.30999755859375,473.3699951171875,475.1700134277344,23737700
660,2024-08-20,479.5860595703125,480.260009765625,482.94000244140625,478.54998779296875,480.3500061035156,29209300
661,2024-08-21,481.8229064941406,482.5,484.3699951171875,479.32000732421875,481.04998779296875,25658800
662,2024-08-22,474.18365478515625,474.8500061035156,485.5400085449219,473.80999755859375,484.8399963378906,37739600
663,2024-08-23,479.326416015625,480.0,482.739990234375,475.2799987792969,479.239990234375,36061500
664,2024-08-26,474.6729736328125,475.3399963378906,480.3800048828125,473.239990234375,479.45001220703125,27452600
665,2024-08-27,476.0909729003906,476.760009765625,477.8399963378906,471.7099914550781,473.69000244140625,27510000
666,2024-08-28,470.6885681152344,471.3500061035156,477.0199890136719,467.8900146484375,476.2900085449219,37372400
667,2024-08-29,469.9995422363281,470.6600036621094,477.92999267578125,469.3699951171875,473.2799987792969,41081500
668,2024-08-30,475.6016540527344,476.2699890136719,476.8999938964844,470.510009765625,475.0400085449219,33466500
669,2024-09-03,461.1619567871094,461.80999755859375,473.3299865722656,459.4100036621094,473.20001220703125,44985200
670,2024-09-04,459.963623046875,460.6099853515625,464.45001220703125,457.7300109863281,458.6700134277344,32505100
671,2024-09-05,460.3930358886719,461.0400085449219,465.3599853515625,457.94000244140625,458.9700012207031,34452400
672,2024-09-06,448.06036376953125,448.69000244140625,461.2200012207031,448.19000244140625,460.3299865722656,50624400
673,2024-09-09,453.822265625,454.4599914550781,455.4599914550781,449.82000732421875,453.05999755859375,32981200
674,2024-09-10,458.0163879394531,458.6600036621094,459.1700134277344,452.2300109863281,456.239990234375,29680300
675,2024-09-11,467.96240234375,468.6199951171875,469.3699951171875,451.2799987792969,459.9100036621094,57843000
676,2024-09-12,472.5559387207031,473.2200012207031,474.0400085449219,466.8500061035156,468.6499938964844,40175500
677,2024-09-13,474.6729736328125,475.3399963378906,476.5299987792969,472.25,472.4800109863281,29111800
678,2024-09-16,472.5758972167969,473.239990234375,473.8599853515625,469.8900146484375,473.19000244140625,22585600
679,2024-09-17,472.8255615234375,473.489990234375,477.6000061035156,470.9700012207031,476.2900085449219,30084400
680,2024-09-18,470.7784423828125,471.44000244140625,478.8299865722656,470.8299865722656,474.70001220703125,39909200
681,2024-09-19,482.68170166015625,483.3599853515625,486.2300109863281,480.489990234375,482.6099853515625,52782500
682,2024-09-20,481.76300048828125,482.44000244140625,483.69000244140625,478.29998779296875,482.489990234375,34577700
683,2024-09-23,483.0400085449219,483.0400085449219,484.1400146484375,481.6000061035156,482.95001220703125,24843000
684,2024-09-24,485.3699951171875,485.3699951171875,486.3299865722656,480.1700134277344,484.4599914550781,25952600
685,2024-09-25,485.82000732421875,485.82000732421875,487.7900085449219,484.55999755859375,484.739990234375,26549900
686,2024-09-26,489.4700012207031,489.4700012207031,493.70001220703125,485.79998779296875,493.3699951171875,32020200
687,2024-09-27,486.75,486.75,490.6400146484375,485.55999755859375,490.5,22851100
688,2024-09-30,488.07000732421875,488.07000732421875,488.4100036621094,482.9200134277344,485.7799987792969,30281100
689,2024-10-01,481.2699890136719,481.2699890136719,488.0,477.3999938964844,487.70001220703125,42735400
690,2024-10-02,481.95001220703125,481.95001220703125,483.8800048828125,477.7200012207031,480.3599853515625,23744000
691,2024-10-03,481.5899963378906,481.5899963378906,484.54998779296875,478.989990234375,479.739990234375,25337200
692,2024-10-04,487.32000732421875,487.32000732421875,487.8800048828125,482.3900146484375,487.45001220703125,30686600
693,2024-10-07,482.1000061035156,482.1000061035156,486.57000732421875,480.8699951171875,485.3900146484375,24975100
694,2024-10-08,489.29998779296875,489.29998779296875,489.989990234375,483.8500061035156,484.6600036621094,28272000
695,2024-10-09,493.1499938964844,493.1499938964844,493.7300109863281,487.95001220703125,489.0,24995000
696,2024-10-10,492.5899963378906,492.5899963378906,494.4700012207031,489.5299987792969,490.8500061035156,25750400
697,2024-10-11,493.3599853515625,493.3599853515625,494.3900146484375,490.1700134277344,490.739990234375,20644500
698,2024-10-14,497.5,497.5,498.8299865722656,495.260009765625,495.7699890136719,26060100
699,2024-10-15,490.8500061035156,490.8500061035156,498.5,488.67999267578125,497.8299865722656,34784500
700,2024-10-16,490.9100036621094,490.9100036621094,491.69000244140625,487.57000732421875,491.17999267578125,22996800
701,2024-10-17,491.25,491.25,496.489990234375,491.19000244140625,496.44000244140625,27210700
702,2024-10-18,494.4700012207031,494.4700012207031,495.57000732421875,493.29998779296875,494.05999755859375,25335000
703,2024-10-21,495.4200134277344,495.4200134277344,496.2300109863281,491.30999755859375,493.25,30336500
704,2024-10-22,495.9599914550781,495.9599914550781,497.45001220703125,491.9700012207031,492.7300109863281,26685800
705,2024-10-23,488.3599853515625,488.3599853515625,494.25,485.04998779296875,493.5899963378906,39346600
706,2024-10-24,492.32000732421875,492.32000732421875,493.0,489.44000244140625,492.1099853515625,22024900
707,2024-10-25,495.32000732421875,495.32000732421875,500.2799987792969,494.42999267578125,495.1400146484375,38762100
708,2024-10-28,495.3999938964844,495.3999938964844,498.5199890136719,495.1000061035156,498.4599914550781,20477800
709,2024-10-29,500.1600036621094,500.1600036621094,501.3500061035156,493.8500061035156,495.7200012207031,28014100
710,2024-10-30,496.3800048828125,496.3800048828125,500.3500061035156,495.8900146484375,499.3900146484375,29756000
711,2024-10-31,483.8500061035156,483.8500061035156,492.42999267578125,483.75,492.3800048828125,41245200
712,2024-11-01,487.42999267578125,487.42999267578125,490.75,485.20001220703125,485.5,33655800
713,2024-11-04,486.010009765625,486.010009765625,489.3800048828125,484.25,486.82000732421875,23291600
714,2024-11-05,492.2099914550781,492.2099914550781,492.8800048828125,487.5199890136719,487.6099853515625,24353600
715,2024-11-06,505.5799865722656,505.5799865722656,506.4100036621094,499.6000061035156,500.55999755859375,43082200
716,2024-11-07,513.5399780273438,513.5399780273438,514.3300170898438,508.3399963378906,508.3999938964844,32853100
717,2024-11-08,514.1400146484375,514.1400146484375,514.9199829101562,512.4099731445312,513.0399780273438,22924500
718,2024-11-11,513.8400268554688,513.8400268554688,515.5800170898438,510.9200134277344,515.3699951171875,24167500
719,2024-11-12,512.9099731445312,512.9099731445312,514.6599731445312,509.8299865722656,513.77001953125,25835300
720,2024-11-13,512.25,512.25,514.97998046875,509.95001220703125,512.4000244140625,24567400
721,2024-11-14,508.69000244140625,508.69000244140625,512.7899780273438,507.7699890136719,511.9100036621094,28679500
722,2024-11-15,496.57000732421875,496.57000732421875,503.3299865722656,494.489990234375,502.94000244140625,51461100
723,2024-11-18,500.0199890136719,500.0199890136719,502.1400146484375,496.7300109863281,498.1300048828125,27192700
724,2024-11-19,503.4599914550781,503.4599914550781,503.95001220703125,497.0799865722656,497.4200134277344,24523000
725,2024-11-20,503.1700134277344,503.1700134277344,503.4800109863281,496.55999755859375,503.1600036621094,29565500
726,2024-11-21,504.9800109863281,504.9800109863281,506.9599914550781,497.55999755859375,506.239990234375,34526700
727,2024-11-22,505.7900085449219,505.7900085449219,506.5299987792969,502.7799987792969,504.4200134277344,23826600
728,2024-11-25,506.5899963378906,506.5899963378906,511.45001220703125,504.260009765625,509.8999938964844,26375200
729,2024-11-26,509.30999755859375,509.30999755859375,510.1400146484375,507.2300109863281,508.0799865722656,26557100
730,2024-11-27,505.29998779296875,505.29998779296875,508.239990234375,501.92999267578125,508.1700134277344,24957400
731,2024-11-29,509.739990234375,509.739990234375,510.3399963378906,505.30999755859375,505.92999267578125,15334000
732,2024-12-02,515.2899780273438,515.2899780273438,516.260009765625,510.6199951171875,511.010009765625,25147200
733,2024-12-03,516.8699951171875,516.8699951171875,517.1500244140625,513.3699951171875,513.9500122070312,18597900
734,2024-12-04,523.260009765625,523.260009765625,523.52001953125,519.5999755859375,520.3200073242188,26086200
735,2024-12-05,521.8099975585938,521.8099975585938,524.0399780273438,521.4199829101562,523.3099975585938,18169600
736,2024-12-06,526.47998046875,526.47998046875,526.719970703125,522.3499755859375,522.47998046875,23762600
737,2024-12-09,522.3800048828125,522.3800048828125,526.3499755859375,521.219970703125,525.5499877929688,20674400
738,2024-12-10,520.5999755859375,520.5999755859375,525.3800048828125,519.1599731445312,523.6199951171875,24350000
739,2024-12-11,529.9199829101562,529.9199829101562,530.6099853515625,524.5900268554688,525.0,32168600
740,2024-12-12,526.5,526.5,528.9600219726562,526.02001953125,527.6799926757812,23577500
741,2024-12-13,530.530029296875,530.530029296875,533.1699829101562,527.2999877929688,530.4600219726562,28780400
742,2024-12-16,538.1699829101562,538.1699829101562,539.1500244140625,533.0,533.0800170898438,31979900
